word,freq
airbnb,2261
guest,2186
host,1702
stay,905
review,879
leave,870
time,713
day,658
ask,656
book,651
room,647
house,641
tell,622
like,598
want,574
place,571
check,548
know,546
night,515
message,510
people,488
think,455
listing,452
come,438
home,422
refund,396
find,390
need,382
cancel,373
hour,362
thing,351
clean,347
booking,336
try,325
send,323
look,310
door,309
pay,308
feel,307
apartment,307
bad,302
work,301
good,280
issue,280
new,273
request,273
experience,260
reservation,260
let,259
sure,257
bed,255
star,252
week,249
contact,246
year,244
help,241
way,234
arrive,226
rule,224
right,213
money,211
month,209
thank,207
property,200
use,200
party,198
end,195
list,191
offer,189
start,188
price,187
rent,187
minute,185
case,185
live,184
long,181
bathroom,181
support,178
private,175
phone,173
hotel,173
share,172
happen,172
guy,169
account,169
open,167
great,165
state,162
post,160
read,160
damage,160
point,160
fee,160
person,158
later,157
allow,157
problem,156
morning,155
nice,153
friend,153
